,timestamp,Close,Open,Low,High,Volume,AdjClose
0,2018-09-12,6.599999904632568,6.0,5.349999904632568,6.929999828338623,66849000,6.599999904632568
1,2018-09-13,11.600000381469727,6.619999885559082,6.519999980926514,12.6899995803833,158346500,11.600000381469727
2,2018-09-14,9.899999618530273,12.65999984741211,9.220000267028809,13.800000190734863,172473600,9.899999618530273
3,2018-09-17,8.5,9.609999656677246,8.5,9.75,56323900,8.5
4,2018-09-18,7.679999828338623,8.729999542236328,7.670000076293945,9.100000381469727,41827600,7.679999828338623
5,2018-09-19,8.5,7.880000114440918,7.539999961853027,9.149999618530273,48306500,8.5
6,2018-09-20,8.779999732971191,9.069999694824219,8.420000076293945,9.470000267028809,40275000,8.779999732971191
7,2018-09-21,8.59000015258789,9.050000190734863,8.5,9.069999694824219,15118500,8.59000015258789
8,2018-09-24,7.869999885559082,8.319999694824219,7.849999904632568,8.390000343322754,16297900,7.869999885559082
9,2018-09-25,7.579999923706055,8.0600004196167,7.5,8.1899995803833,18909300,7.579999923706055
10,2018-09-26,7.5,7.590000152587891,7.5,7.760000228881836,11088300,7.5
11,2018-09-27,7.010000228881836,7.550000190734863,7.010000228881836,7.550000190734863,16815600,7.010000228881836
12,2018-09-28,6.980000019073486,6.96999979019165,6.679999828338623,7.28000020980835,21813600,6.980000019073486
13,2018-10-01,6.599999904632568,7.059999942779541,6.599999904632568,7.079999923706055,16429100,6.599999904632568
14,2018-10-02,5.929999828338623,6.599999904632568,5.869999885559082,6.599999904632568,19440000,5.929999828338623
15,2018-10-03,6.300000190734863,6.119999885559082,6.119999885559082,6.550000190734863,13251200,6.300000190734863
16,2018-10-04,6.25,6.190000057220459,6.0,6.25,11896600,6.25
17,2018-10-05,6.260000228881836,6.199999809265137,6.03000020980835,6.289999961853027,8378300,6.260000228881836
18,2018-10-08,6.039999961853027,6.070000171661377,5.949999809265137,6.179999828338623,11508800,6.039999961853027
19,2018-10-09,7.389999866485596,6.190000057220459,6.099999904632568,7.400000095367432,38464400,7.389999866485596
20,2018-10-10,7.75,8.100000381469727,7.389999866485596,8.350000381469727,74971100,7.75
21,2018-10-11,7.179999828338623,7.440000057220459,6.920000076293945,7.550000190734863,22730000,7.179999828338623
22,2018-10-12,7.460000038146973,7.460000038146973,7.28000020980835,7.75,14545400,7.460000038146973
23,2018-10-15,7.820000171661377,7.860000133514404,7.699999809265137,8.300000190734863,26781700,7.820000171661377
24,2018-10-16,8.039999961853027,8.0600004196167,7.829999923706055,8.199999809265137,17490500,8.039999961853027
25,2018-10-17,7.769999980926514,8.119999885559082,7.730000019073486,8.15999984741211,11705300,7.769999980926514
26,2018-10-18,7.5,7.599999904632568,7.260000228881836,7.670000076293945,11906000,7.5
27,2018-10-19,7.320000171661377,7.590000152587891,7.21999979019165,7.75,7336200,7.320000171661377
28,2018-10-22,7.03000020980835,7.679999828338623,7.0,7.690000057220459,12758500,7.03000020980835
29,2018-10-23,6.809999942779541,6.739999771118164,6.449999809265137,6.889999866485596,14901700,6.809999942779541
30,2018-10-24,6.170000076293945,6.849999904632568,6.130000114440918,6.849999904632568,14789900,6.170000076293945
31,2018-10-25,6.449999809265137,6.269999980926514,6.25,6.570000171661377,9188700,6.449999809265137
32,2018-10-26,6.349999904632568,6.210000038146973,6.179999828338623,6.510000228881836,9459000,6.349999904632568
33,2018-10-29,6.190000057220459,6.53000020980835,6.050000190734863,6.789999961853027,16027600,6.190000057220459
34,2018-10-30,5.949999809265137,6.199999809265137,5.619999885559082,6.21999979019165,21823900,5.949999809265137
35,2018-10-31,5.900000095367432,6.079999923706055,5.900000095367432,6.25,15213400,5.900000095367432
36,2018-11-01,6.619999885559082,6.0,5.960000038146973,6.78000020980835,24330900,6.619999885559082
37,2018-11-02,6.489999771118164,6.840000152587891,6.269999980926514,6.840000152587891,17988800,6.489999771118164
38,2018-11-05,6.679999828338623,6.519999980926514,6.25,6.71999979019165,13188700,6.679999828338623
39,2018-11-06,6.400000095367432,7.21999979019165,6.400000095367432,7.320000171661377,49855800,6.400000095367432
40,2018-11-07,6.739999771118164,6.420000076293945,6.150000095367432,6.880000114440918,23761800,6.739999771118164
41,2018-11-08,6.690000057220459,6.489999771118164,6.46999979019165,7.099999904632568,20510700,6.690000057220459
42,2018-11-09,6.769999980926514,6.590000152587891,6.519999980926514,6.929999828338623,12789800,6.769999980926514
43,2018-11-12,6.650000095367432,6.71999979019165,6.559999942779541,6.929999828338623,12709100,6.650000095367432
44,2018-11-13,6.78000020980835,6.690000057220459,6.579999923706055,6.900000095367432,15374100,6.78000020980835
45,2018-11-14,7.099999904632568,6.800000190734863,6.800000190734863,7.449999809265137,29585100,7.099999904632568
46,2018-11-15,7.340000152587891,7.150000095367432,7.110000133514404,7.489999771118164,17904000,7.340000152587891
47,2018-11-16,7.190000057220459,7.400000095367432,7.159999847412109,7.650000095367432,14972500,7.190000057220459
48,2018-11-19,7.840000152587891,7.380000114440918,7.28000020980835,8.210000038146973,49171800,7.840000152587891
49,2018-11-20,7.670000076293945,7.650000095367432,7.150000095367432,7.909999847412109,26923200,7.670000076293945
50,2018-11-21,7.710000038146973,7.900000095367432,7.630000114440918,8.050000190734863,13993600,7.710000038146973
51,2018-11-23,7.460000038146973,7.679999828338623,7.409999847412109,7.699999809265137,8119700,7.460000038146973
52,2018-11-26,7.369999885559082,7.610000133514404,7.159999847412109,7.630000114440918,12164900,7.369999885559082
53,2018-11-27,7.480000019073486,7.300000190734863,7.230000019073486,7.699999809265137,9084900,7.480000019073486
54,2018-11-28,8.119999885559082,7.599999904632568,7.599999904632568,8.149999618530273,22096900,8.119999885559082
55,2018-11-29,7.789999961853027,8.0600004196167,7.760000228881836,8.119999885559082,13207600,7.789999961853027
56,2018-11-30,7.710000038146973,7.800000190734863,7.679999828338623,8.0,10994700,7.710000038146973
57,2018-12-03,7.579999923706055,8.100000381469727,7.5,8.130000114440918,22425400,7.579999923706055
58,2018-12-04,7.079999923706055,7.599999904632568,7.050000190734863,7.639999866485596,19624700,7.079999923706055
59,2018-12-06,7.369999885559082,6.860000133514404,6.71999979019165,7.369999885559082,16688100,7.369999885559082
60,2018-12-07,6.989999771118164,7.360000133514404,6.960000038146973,7.380000114440918,11576200,6.989999771118164
61,2018-12-10,7.03000020980835,7.03000020980835,6.739999771118164,7.119999885559082,9981000,7.03000020980835
62,2018-12-11,7.079999923706055,7.079999923706055,6.920000076293945,7.199999809265137,8095700,7.079999923706055
63,2018-12-12,7.539999961853027,7.199999809265137,7.119999885559082,7.550000190734863,16007500,7.539999961853027
64,2018-12-13,7.75,7.550000190734863,7.260000228881836,7.900000095367432,14980900,7.75
65,2018-12-14,7.699999809265137,7.53000020980835,7.400000095367432,7.889999866485596,10773600,7.699999809265137
66,2018-12-17,7.03000020980835,7.630000114440918,6.960000038146973,7.639999866485596,18132800,7.03000020980835
67,2018-12-18,7.070000171661377,7.03000020980835,6.840000152587891,7.190000057220459,10685800,7.070000171661377
68,2018-12-19,6.829999923706055,7.010000228881836,6.800000190734863,7.150000095367432,9299700,6.829999923706055
69,2018-12-20,6.519999980926514,6.820000171661377,6.329999923706055,6.920000076293945,12080000,6.519999980926514
70,2018-12-21,6.070000171661377,6.53000020980835,6.059999942779541,6.650000095367432,13598300,6.070000171661377
71,2018-12-24,5.920000076293945,6.0,5.840000152587891,6.119999885559082,8835800,5.920000076293945
72,2018-12-26,6.360000133514404,6.110000133514404,5.960000038146973,6.369999885559082,9912300,6.360000133514404
73,2018-12-27,6.429999828338623,6.170000076293945,6.03000020980835,6.449999809265137,8531900,6.429999828338623
74,2018-12-28,6.46999979019165,6.5,6.300000190734863,6.559999942779541,7996500,6.46999979019165
75,2018-12-31,6.369999885559082,6.559999942779541,6.210000038146973,6.570000171661377,8667400,6.369999885559082
76,2019-01-02,6.199999809265137,6.130000114440918,6.0,6.239999771118164,8823600,6.199999809265137
77,2019-01-03,6.050000190734863,6.099999904632568,6.019999980926514,6.150000095367432,7562900,6.050000190734863
78,2019-01-04,6.360000133514404,6.190000057220459,6.130000114440918,6.400000095367432,9405600,6.360000133514404
79,2019-01-07,6.5,6.409999847412109,6.309999942779541,6.590000152587891,9709000,6.5
80,2019-01-08,6.400000095367432,6.570000171661377,6.170000076293945,6.579999923706055,9603800,6.400000095367432
81,2019-01-09,6.630000114440918,6.409999847412109,6.349999904632568,6.690000057220459,11489900,6.630000114440918
82,2019-01-10,6.659999847412109,6.630000114440918,6.409999847412109,6.730000019073486,11221100,6.659999847412109
83,2019-01-11,6.590000152587891,6.5,6.480000019073486,6.619999885559082,6902300,6.590000152587891
84,2019-01-14,6.800000190734863,6.510000228881836,6.369999885559082,7.150000095367432,19454100,6.800000190734863
85,2019-01-15,6.820000171661377,6.849999904632568,6.75,7.070000171661377,12633000,6.820000171661377
86,2019-01-16,6.710000038146973,6.800000190734863,6.679999828338623,6.900000095367432,6941200,6.710000038146973
87,2019-01-17,6.809999942779541,6.699999809265137,6.53000020980835,6.880000114440918,8508900,6.809999942779541
88,2019-01-18,6.710000038146973,6.889999866485596,6.679999828338623,6.909999847412109,9240900,6.710000038146973
89,2019-01-22,6.570000171661377,6.630000114440918,6.510000228881836,6.670000076293945,6379600,6.570000171661377
90,2019-01-23,6.550000190734863,6.630000114440918,6.46999979019165,6.789999961853027,5686000,6.550000190734863
91,2019-01-24,6.579999923706055,6.46999979019165,6.46999979019165,6.75,5920000,6.579999923706055
92,2019-01-25,6.650000095367432,6.650000095367432,6.599999904632568,6.78000020980835,6723600,6.650000095367432
93,2019-01-28,6.670000076293945,6.559999942779541,6.480000019073486,6.679999828338623,5111000,6.670000076293945
94,2019-01-29,6.940000057220459,6.679999828338623,6.639999866485596,6.96999979019165,14200100,6.940000057220459
95,2019-01-30,7.460000038146973,6.940000057220459,6.920000076293945,7.550000190734863,28775000,7.460000038146973
96,2019-01-31,7.880000114440918,7.400000095367432,7.400000095367432,7.889999866485596,21233900,7.880000114440918
97,2019-02-01,7.900000095367432,7.849999904632568,7.679999828338623,8.109999656677246,20788800,7.900000095367432
98,2019-02-04,7.849999904632568,7.960000038146973,7.739999771118164,7.980000019073486,8585300,7.849999904632568
99,2019-02-05,7.880000114440918,7.710000038146973,7.610000133514404,7.960000038146973,9029900,7.880000114440918
100,2019-02-06,8.399999618530273,7.949999809265137,7.829999923706055,8.59000015258789,33404700,8.399999618530273
101,2019-02-07,8.039999961853027,8.279999732971191,7.800000190734863,8.369999885559082,23198200,8.039999961853027
102,2019-02-08,7.670000076293945,8.0,7.28000020980835,8.0,21709300,7.670000076293945
103,2019-02-11,7.460000038146973,7.670000076293945,7.380000114440918,7.769999980926514,9750700,7.460000038146973
104,2019-02-12,7.440000057220459,7.349999904632568,7.139999866485596,7.570000171661377,13264100,7.440000057220459
105,2019-02-13,7.489999771118164,7.519999980926514,7.389999866485596,7.679999828338623,10867800,7.489999771118164
106,2019-02-14,7.480000019073486,7.699999809265137,7.420000076293945,7.78000020980835,14728300,7.480000019073486
107,2019-02-15,7.409999847412109,7.550000190734863,7.260000228881836,7.639999866485596,15620200,7.409999847412109
108,2019-02-19,7.260000228881836,7.400000095367432,7.210000038146973,7.429999828338623,9974700,7.260000228881836
109,2019-02-20,7.619999885559082,7.260000228881836,7.260000228881836,7.769999980926514,21495700,7.619999885559082
110,2019-02-21,7.639999866485596,7.699999809265137,7.429999828338623,7.730000019073486,8060100,7.639999866485596
111,2019-02-22,8.170000076293945,7.920000076293945,7.75,8.220000267028809,26600400,8.170000076293945
112,2019-02-25,9.0,9.039999961853027,8.600000381469727,9.09000015258789,52424200,9.0
113,2019-02-26,9.789999961853027,9.15999984741211,8.819999694824219,10.640000343322754,106022600,9.789999961853027
114,2019-02-27,9.850000381469727,10.149999618530273,9.329999923706055,10.25,53234300,9.850000381469727
115,2019-02-28,9.569999694824219,9.850000381469727,9.460000038146973,9.930000305175781,26506000,9.569999694824219
116,2019-03-01,10.0600004196167,9.819999694824219,9.729999542236328,10.199999809265137,32409400,10.0600004196167
117,2019-03-04,9.779999732971191,10.319999694824219,9.149999618530273,10.369999885559082,43753300,9.779999732971191
118,2019-03-05,10.15999984741211,9.800000190734863,9.699999809265137,10.630000114440918,53680800,10.15999984741211
119,2019-03-06,8.010000228881836,8.260000228881836,8.0,8.720000267028809,73522700,8.010000228881836
120,2019-03-07,7.090000152587891,7.809999942779541,7.0,7.949999809265137,52469600,7.090000152587891
121,2019-03-08,7.059999942779541,7.019999980926514,6.849999904632568,7.199999809265137,32040600,7.059999942779541
122,2019-03-11,6.590000152587891,6.949999809265137,6.550000190734863,6.980000019073486,62544500,6.590000152587891
123,2019-03-12,6.389999866485596,6.619999885559082,6.369999885559082,6.639999866485596,41616000,6.389999866485596
124,2019-03-13,6.53000020980835,6.320000171661377,6.239999771118164,6.769999980926514,41727200,6.53000020980835
125,2019-03-14,6.03000020980835,6.630000114440918,6.0,6.639999866485596,58983400,6.03000020980835
126,2019-03-15,5.710000038146973,6.119999885559082,5.710000038146973,6.130000114440918,85777000,5.710000038146973
127,2019-03-18,5.75,5.690000057220459,5.440000057220459,5.949999809265137,76506100,5.75
128,2019-03-19,5.960000038146973,5.75,5.730000019073486,6.03000020980835,54509200,5.960000038146973
129,2019-03-20,5.849999904632568,6.019999980926514,5.710000038146973,6.03000020980835,39053700,5.849999904632568
130,2019-03-21,5.840000152587891,5.75,5.739999771118164,5.949999809265137,21368900,5.840000152587891
131,2019-03-22,5.619999885559082,5.800000190734863,5.599999904632568,5.869999885559082,24956500,5.619999885559082
132,2019-03-25,5.349999904632568,5.619999885559082,5.269999980926514,5.659999847412109,38993300,5.349999904632568
133,2019-03-26,4.960000038146973,5.199999809265137,4.900000095367432,5.21999979019165,67206300,4.960000038146973
134,2019-03-27,4.980000019073486,5.010000228881836,4.960000038146973,5.190000057220459,39753400,4.980000019073486
135,2019-03-28,5.010000228881836,5.039999961853027,4.929999828338623,5.170000076293945,29281400,5.010000228881836
136,2019-03-29,5.099999904632568,5.059999942779541,5.03000020980835,5.130000114440918,23595900,5.099999904632568
137,2019-04-01,5.210000038146973,5.289999961853027,5.139999866485596,5.400000095367432,32404600,5.210000038146973
138,2019-04-02,5.389999866485596,5.429999828338623,5.349999904632568,5.610000133514404,55814800,5.389999866485596
139,2019-04-03,5.309999942779541,5.550000190734863,5.230000019073486,5.579999923706055,35197400,5.309999942779541
140,2019-04-04,5.349999904632568,5.389999866485596,5.269999980926514,5.5,31696600,5.349999904632568
141,2019-04-05,5.360000133514404,5.369999885559082,5.309999942779541,5.400000095367432,18093400,5.360000133514404
142,2019-04-08,5.300000190734863,5.329999923706055,5.25,5.380000114440918,17349800,5.300000190734863
143,2019-04-09,5.079999923706055,5.28000020980835,5.059999942779541,5.28000020980835,32590100,5.079999923706055
144,2019-04-10,5.050000190734863,5.059999942779541,4.960000038146973,5.110000133514404,25958700,5.050000190734863
145,2019-04-11,5.010000228881836,5.0,4.96999979019165,5.090000152587891,17642600,5.010000228881836
146,2019-04-12,4.989999771118164,5.03000020980835,4.949999809265137,5.059999942779541,15561300,4.989999771118164
147,2019-04-15,4.75,4.989999771118164,4.71999979019165,5.0,27489100,4.75
148,2019-04-16,4.449999809265137,4.800000190734863,4.429999828338623,4.809999942779541,46354500,4.449999809265137
149,2019-04-17,4.590000152587891,4.610000133514404,4.510000228881836,4.71999979019165,30546400,4.590000152587891
150,2019-04-18,4.789999961853027,4.53000020980835,4.440000057220459,4.920000076293945,31206500,4.789999961853027
151,2019-04-22,4.78000020980835,4.739999771118164,4.619999885559082,4.809999942779541,12936700,4.78000020980835
152,2019-04-23,4.829999923706055,4.820000171661377,4.730000019073486,4.920000076293945,15107000,4.829999923706055
153,2019-04-24,5.0,4.789999961853027,4.75,5.010000228881836,20401300,5.0
154,2019-04-25,4.900000095367432,5.010000228881836,4.849999904632568,5.150000095367432,21552800,4.900000095367432
155,2019-04-26,4.920000076293945,4.849999904632568,4.769999980926514,4.929999828338623,11891300,4.920000076293945
156,2019-04-29,4.980000019073486,4.889999866485596,4.869999885559082,5.050000190734863,15202800,4.980000019073486
157,2019-04-30,4.849999904632568,4.980000019073486,4.800000190734863,5.079999923706055,14434600,4.849999904632568
158,2019-05-01,4.679999828338623,4.840000152587891,4.679999828338623,4.849999904632568,13308300,4.679999828338623
159,2019-05-02,4.71999979019165,4.739999771118164,4.570000171661377,4.75,14080400,4.71999979019165
160,2019-05-03,5.019999980926514,4.730000019073486,4.730000019073486,5.110000133514404,25245500,5.019999980926514
161,2019-05-06,4.880000114440918,4.71999979019165,4.690000057220459,4.880000114440918,16144400,4.880000114440918
162,2019-05-07,4.840000152587891,4.809999942779541,4.760000228881836,4.920000076293945,11545700,4.840000152587891
163,2019-05-08,4.570000171661377,4.789999961853027,4.559999942779541,4.809999942779541,20456900,4.570000171661377
164,2019-05-09,4.599999904632568,4.539999961853027,4.510000228881836,4.699999809265137,15759700,4.599999904632568
165,2019-05-10,4.559999942779541,4.599999904632568,4.510000228881836,4.659999847412109,17146500,4.559999942779541
166,2019-05-13,4.329999923706055,4.5,4.300000190734863,4.5,21804500,4.329999923706055
167,2019-05-14,4.670000076293945,4.46999979019165,4.409999847412109,4.670000076293945,27925700,4.670000076293945
168,2019-05-15,4.710000038146973,4.590000152587891,4.53000020980835,4.75,14669000,4.710000038146973
169,2019-05-16,4.659999847412109,4.650000095367432,4.610000133514404,4.849999904632568,16198000,4.659999847412109
170,2019-05-17,4.420000076293945,4.579999923706055,4.420000076293945,4.699999809265137,19775700,4.420000076293945
171,2019-05-20,4.25,4.380000114440918,4.110000133514404,4.400000095367432,23571700,4.25
172,2019-05-21,4.289999961853027,4.349999904632568,4.25,4.449999809265137,23435300,4.289999961853027
173,2019-05-22,4.050000190734863,4.25,4.0,4.300000190734863,35451300,4.050000190734863
174,2019-05-23,3.930000066757202,3.9600000381469727,3.8299999237060547,4.03000020980835,27855500,3.930000066757202
175,2019-05-24,3.859999895095825,3.9800000190734863,3.809999942779541,4.050000190734863,26069400,3.859999895095825
176,2019-05-28,4.0,4.119999885559082,3.880000114440918,4.139999866485596,114474400,4.0
177,2019-05-29,3.609999895095825,3.890000104904175,3.5999999046325684,3.9000000953674316,41690400,3.609999895095825
178,2019-05-30,3.240000009536743,3.549999952316284,3.109999895095825,3.549999952316284,55942200,3.240000009536743
179,2019-05-31,3.049999952316284,3.069999933242798,3.0,3.1500000953674316,39383300,3.049999952316284
180,2019-06-03,2.9600000381469727,2.9800000190734863,2.740000009536743,3.059999942779541,51793000,2.9600000381469727
181,2019-06-04,3.0399999618530273,3.0,2.9700000286102295,3.109999895095825,30924000,3.0399999618530273
182,2019-06-05,2.8299999237060547,3.069999933242798,2.759999990463257,3.0899999141693115,38179100,2.8299999237060547
183,2019-06-06,2.6500000953674316,2.9000000953674316,2.5399999618530273,2.9000000953674316,54094300,2.6500000953674316
184,2019-06-07,2.759999990463257,2.640000104904175,2.549999952316284,2.809999942779541,31397900,2.759999990463257
185,2019-06-10,2.630000114440918,2.75,2.5899999141693115,2.819999933242798,35989100,2.630000114440918
186,2019-06-11,2.609999895095825,2.6700000762939453,2.549999952316284,2.6700000762939453,33070100,2.609999895095825
187,2019-06-12,2.549999952316284,2.619999885559082,2.5,2.619999885559082,30099500,2.549999952316284
188,2019-06-13,2.5199999809265137,2.549999952316284,2.5,2.619999885559082,21962600,2.5199999809265137
189,2019-06-14,2.4200000762939453,2.440000057220459,2.3499999046325684,2.450000047683716,27065700,2.4200000762939453
190,2019-06-17,2.4600000381469727,2.390000104904175,2.3499999046325684,2.5299999713897705,20830100,2.4600000381469727
191,2019-06-18,2.5299999713897705,2.5199999809265137,2.450000047683716,2.7100000381469727,50080800,2.5299999713897705
192,2019-06-19,2.740000009536743,2.6700000762939453,2.559999942779541,2.8399999141693115,43761900,2.740000009536743
193,2019-06-20,2.8299999237060547,2.869999885559082,2.799999952316284,3.049999952316284,55697200,2.8299999237060547
194,2019-06-21,2.640000104904175,2.880000114440918,2.569999933242798,2.9000000953674316,49602400,2.640000104904175
195,2019-06-24,2.640000104904175,2.609999895095825,2.509999990463257,2.690000057220459,22693900,2.640000104904175
196,2019-06-25,2.5999999046325684,2.640000104904175,2.549999952316284,2.6600000858306885,16273100,2.5999999046325684
197,2019-06-26,2.549999952316284,2.640000104904175,2.5399999618530273,2.7300000190734863,20679300,2.549999952316284
198,2019-06-27,2.5999999046325684,2.509999990463257,2.440000057220459,2.619999885559082,27685600,2.5999999046325684
199,2019-06-28,2.549999952316284,2.5999999046325684,2.509999990463257,2.630000114440918,17640300,2.549999952316284
200,2019-07-01,2.5999999046325684,2.6700000762939453,2.5799999237060547,2.680000066757202,19462800,2.5999999046325684
201,2019-07-02,2.819999933242798,2.5999999046325684,2.569999933242798,2.8499999046325684,35317300,2.819999933242798
202,2019-07-03,3.130000114440918,2.930000066757202,2.9000000953674316,3.2899999618530273,75342400,3.130000114440918
203,2019-07-05,3.259999990463257,3.309999942779541,3.1500000953674316,3.3399999141693115,35914600,3.259999990463257
204,2019-07-08,3.490000009536743,3.2100000381469727,3.130000114440918,3.5,40424000,3.490000009536743
205,2019-07-09,3.690000057220459,3.5799999237060547,3.4200000762939453,3.9000000953674316,87406100,3.690000057220459
206,2019-07-10,3.680000066757202,3.950000047683716,3.5999999046325684,4.0,85126100,3.680000066757202
207,2019-07-11,3.4200000762939453,3.640000104904175,3.319999933242798,3.680000066757202,57070300,3.4200000762939453
208,2019-07-12,3.450000047683716,3.3399999141693115,3.319999933242798,3.640000104904175,39432200,3.450000047683716
209,2019-07-15,3.390000104904175,3.490000009536743,3.3399999141693115,3.5199999809265137,19833100,3.390000104904175
210,2019-07-16,3.299999952316284,3.4000000953674316,3.259999990463257,3.450000047683716,25764600,3.299999952316284
211,2019-07-17,3.440000057220459,3.2799999713897705,3.25,3.5199999809265137,26705000,3.440000057220459
212,2019-07-18,3.430000066757202,3.4700000286102295,3.309999942779541,3.5,17544400,3.430000066757202
213,2019-07-19,3.369999885559082,3.430000066757202,3.359999895095825,3.4800000190734863,13784300,3.369999885559082
214,2019-07-22,3.380000114440918,3.380000114440918,3.309999942779541,3.450000047683716,12376900,3.380000114440918
215,2019-07-23,3.4600000381469727,3.430000066757202,3.369999885559082,3.490000009536743,12462000,3.4600000381469727
216,2019-07-24,3.6700000762939453,3.450000047683716,3.440000057220459,3.75,38844800,3.6700000762939453
217,2019-07-25,3.5,3.680000066757202,3.5,3.7200000286102295,26513300,3.5
218,2019-07-26,3.509999990463257,3.559999942779541,3.5,3.619999885559082,15606300,3.509999990463257
219,2019-07-29,3.4600000381469727,3.549999952316284,3.319999933242798,3.5799999237060547,25890700,3.4600000381469727
220,2019-07-30,3.380000114440918,3.430000066757202,3.3499999046325684,3.440000057220459,14127900,3.380000114440918
221,2019-07-31,3.4700000286102295,3.380000114440918,3.359999895095825,3.5299999713897705,19917200,3.4700000286102295
222,2019-08-01,3.2799999713897705,3.450000047683716,3.200000047683716,3.509999990463257,28758400,3.2799999713897705
223,2019-08-02,3.2699999809265137,3.2100000381469727,3.1600000858306885,3.3299999237060547,17211300,3.2699999809265137
224,2019-08-05,2.950000047683716,3.140000104904175,2.8499999046325684,3.140000104904175,38736200,2.950000047683716
225,2019-08-06,3.0799999237060547,3.0899999141693115,3.0,3.140000104904175,23455700,3.0799999237060547
226,2019-08-07,3.0899999141693115,3.0399999618530273,2.930000066757202,3.0899999141693115,18090400,3.0899999141693115
227,2019-08-08,3.1700000762939453,3.130000114440918,3.109999895095825,3.259999990463257,20999800,3.1700000762939453
228,2019-08-09,3.130000114440918,3.0999999046325684,3.0999999046325684,3.180000066757202,10610000,3.130000114440918
229,2019-08-12,3.049999952316284,3.049999952316284,2.9600000381469727,3.109999895095825,13991200,3.049999952316284
230,2019-08-13,3.1500000953674316,3.0,3.0,3.200000047683716,18541900,3.1500000953674316
231,2019-08-14,2.9000000953674316,3.0799999237060547,2.880000114440918,3.0799999237060547,28205900,2.9000000953674316
232,2019-08-15,2.819999933242798,2.990000009536743,2.7699999809265137,2.990000009536743,15736000,2.819999933242798
233,2019-08-16,2.950000047683716,2.890000104904175,2.859999895095825,3.009999990463257,15884200,2.950000047683716
234,2019-08-19,3.0,3.0,3.0,3.0999999046325684,13657100,3.0
235,2019-08-20,3.1600000858306885,3.059999942779541,3.0,3.2100000381469727,16688200,3.1600000858306885
236,2019-08-21,3.049999952316284,3.2300000190734863,3.0199999809265137,3.2699999809265137,21513600,3.049999952316284
237,2019-08-22,3.0199999809265137,3.059999942779541,3.009999990463257,3.0899999141693115,12404300,3.0199999809265137
238,2019-08-23,2.9200000762939453,2.9700000286102295,2.890000104904175,3.0399999618530273,13584500,2.9200000762939453
239,2019-08-26,2.9000000953674316,2.950000047683716,2.8299999237060547,2.950000047683716,14119000,2.9000000953674316
240,2019-08-27,2.9100000858306885,2.9200000762939453,2.8299999237060547,3.0,20392000,2.9100000858306885
241,2019-08-28,2.8399999141693115,2.9000000953674316,2.8299999237060547,2.9200000762939453,10478000,2.8399999141693115
242,2019-08-29,2.8499999046325684,2.9100000858306885,2.8499999046325684,2.930000066757202,12325800,2.8499999046325684
243,2019-08-30,2.859999895095825,2.9000000953674316,2.8399999141693115,2.9100000858306885,8155400,2.859999895095825
244,2019-09-03,2.5999999046325684,2.819999933242798,2.5799999237060547,2.8299999237060547,26854400,2.5999999046325684
245,2019-09-04,2.75,2.700000047683716,2.640000104904175,2.75,15177900,2.75
246,2019-09-05,2.950000047683716,2.809999942779541,2.799999952316284,3.0,23244700,2.950000047683716
247,2019-09-06,2.9800000190734863,2.990000009536743,2.869999885559082,3.0,14509300,2.9800000190734863
248,2019-09-09,3.140000104904175,3.0,2.930000066757202,3.140000104904175,17386300,3.140000104904175
249,2019-09-10,3.319999933242798,3.130000114440918,3.069999933242798,3.3299999237060547,20848800,3.319999933242798
250,2019-09-11,3.2699999809265137,3.2799999713897705,3.1600000858306885,3.3299999237060547,13619900,3.2699999809265137
251,2019-09-12,3.190000057220459,3.240000009536743,3.0999999046325684,3.2699999809265137,10957800,3.190000057220459
252,2019-09-13,3.2100000381469727,3.2200000286102295,3.1500000953674316,3.2699999809265137,8371700,3.2100000381469727
253,2019-09-16,3.119999885559082,3.1500000953674316,3.0899999141693115,3.2100000381469727,12374900,3.119999885559082
254,2019-09-17,3.180000066757202,3.109999895095825,3.0,3.180000066757202,12905800,3.180000066757202
255,2019-09-18,3.0799999237060547,3.2100000381469727,3.0299999713897705,3.2100000381469727,12519200,3.0799999237060547
256,2019-09-19,3.0999999046325684,3.119999885559082,3.0799999237060547,3.1600000858306885,8733200,3.0999999046325684
257,2019-09-20,3.0399999618530273,3.140000104904175,3.0199999809265137,3.1600000858306885,11999300,3.0399999618530273
258,2019-09-23,2.7200000286102295,2.9800000190734863,2.7100000381469727,2.9800000190734863,40356100,2.7200000286102295
259,2019-09-24,2.1700000762939453,2.2200000286102295,1.9700000286102295,2.240000009536743,122194400,2.1700000762939453
260,2019-09-25,2.049999952316284,2.1500000953674316,2.0199999809265137,2.1500000953674316,38938700,2.049999952316284
261,2019-09-26,1.9600000381469727,2.049999952316284,1.899999976158142,2.059999942779541,50967800,1.9600000381469727
262,2019-09-27,1.75,1.940000057220459,1.7100000381469727,2.0,59824600,1.75
263,2019-09-30,1.559999942779541,1.7200000286102295,1.5299999713897705,1.7300000190734863,58815600,1.559999942779541
264,2019-10-01,1.3200000524520874,1.5099999904632568,1.2200000286102295,1.5099999904632568,88123600,1.3200000524520874
265,2019-10-02,1.590000033378601,1.190000057220459,1.190000057220459,1.649999976158142,98992700,1.590000033378601
266,2019-10-03,1.6399999856948853,1.590000033378601,1.4299999475479126,1.7000000476837158,58630100,1.6399999856948853
267,2019-10-04,1.6200000047683716,1.600000023841858,1.559999942779541,1.690000057220459,25240300,1.6200000047683716
268,2019-10-07,1.5499999523162842,1.5800000429153442,1.4500000476837158,1.590000033378601,26893500,1.5499999523162842
269,2019-10-08,1.7000000476837158,1.7300000190734863,1.659999966621399,1.7999999523162842,47085000,1.7000000476837158
270,2019-10-09,1.6399999856948853,1.75,1.5800000429153442,1.7599999904632568,35848200,1.6399999856948853
271,2019-10-10,1.5299999713897705,1.6399999856948853,1.5,1.6399999856948853,33950800,1.5299999713897705
272,2019-10-11,1.559999942779541,1.5499999523162842,1.5,1.590000033378601,25648800,1.559999942779541
273,2019-10-14,1.5299999713897705,1.559999942779541,1.5199999809265137,1.5700000524520874,12534600,1.5299999713897705
274,2019-10-15,1.5499999523162842,1.6299999952316284,1.5399999618530273,1.6399999856948853,25901200,1.5499999523162842
275,2019-10-16,1.4600000381469727,1.4600000381469727,1.399999976158142,1.5199999809265137,40687000,1.4600000381469727
276,2019-10-17,1.4600000381469727,1.4600000381469727,1.4199999570846558,1.5,18373300,1.4600000381469727
277,2019-10-18,1.5199999809265137,1.4500000476837158,1.440000057220459,1.5499999523162842,21393400,1.5199999809265137
278,2019-10-21,1.690000057220459,1.5199999809265137,1.4900000095367432,1.7699999809265137,40155200,1.690000057220459
279,2019-10-22,1.5800000429153442,1.7000000476837158,1.5199999809265137,1.7699999809265137,38944000,1.5800000429153442
280,2019-10-23,1.5299999713897705,1.5800000429153442,1.5199999809265137,1.600000023841858,12246400,1.5299999713897705
281,2019-10-24,1.5399999618530273,1.5700000524520874,1.5299999713897705,1.600000023841858,21567700,1.5399999618530273
282,2019-10-25,1.5099999904632568,1.5399999618530273,1.5,1.559999942779541,20444900,1.5099999904632568
283,2019-10-28,1.4800000190734863,1.4299999475479126,1.3799999952316284,1.5,32675500,1.4800000190734863
284,2019-10-29,1.3899999856948853,1.4500000476837158,1.3899999856948853,1.4500000476837158,22312000,1.3899999856948853
285,2019-10-30,1.4299999475479126,1.4199999570846558,1.3600000143051147,1.4500000476837158,20769100,1.4299999475479126
286,2019-10-31,1.4500000476837158,1.4700000286102295,1.440000057220459,1.5399999618530273,22381000,1.4500000476837158
287,2019-11-01,1.5199999809265137,1.4900000095367432,1.4900000095367432,1.5499999523162842,17957200,1.5199999809265137
288,2019-11-04,1.7100000381469727,1.649999976158142,1.5800000429153442,1.899999976158142,61083000,1.7100000381469727
289,2019-11-05,2.3399999141693115,1.8799999952316284,1.7999999523162842,2.380000114440918,183556700,2.3399999141693115
290,2019-11-06,2.0299999713897705,2.4600000381469727,1.9600000381469727,2.4600000381469727,113933700,2.0299999713897705
291,2019-11-07,2.069999933242798,2.109999895095825,2.049999952316284,2.200000047683716,39411800,2.069999933242798
292,2019-11-08,1.9800000190734863,2.130000114440918,1.940000057220459,2.130000114440918,38341600,1.9800000190734863
293,2019-11-11,1.8600000143051147,1.899999976158142,1.7799999713897705,1.9600000381469727,34228400,1.8600000143051147
294,2019-11-12,1.940000057220459,1.899999976158142,1.8300000429153442,2.049999952316284,27818000,1.940000057220459
295,2019-11-13,1.899999976158142,1.899999976158142,1.850000023841858,1.9900000095367432,24969400,1.899999976158142
296,2019-11-14,1.75,1.8600000143051147,1.659999966621399,1.8899999856948853,46683200,1.75
297,2019-11-15,1.7999999523162842,1.75,1.659999966621399,1.840000033378601,32003800,1.7999999523162842
298,2019-11-18,1.7999999523162842,1.8799999952316284,1.7300000190734863,1.899999976158142,25996000,1.7999999523162842
299,2019-11-19,1.8300000429153442,1.7799999713897705,1.7799999713897705,1.8899999856948853,26780800,1.8300000429153442
300,2019-11-20,1.840000033378601,1.850000023841858,1.7699999809265137,1.8700000047683716,20728500,1.840000033378601
301,2019-11-21,1.9800000190734863,1.8700000047683716,1.8200000524520874,2.0399999618530273,41394200,1.9800000190734863
302,2019-11-22,1.940000057220459,2.0399999618530273,1.8799999952316284,2.049999952316284,25152300,1.940000057220459
303,2019-11-25,2.049999952316284,1.9900000095367432,1.9600000381469727,2.119999885559082,36836400,2.049999952316284
304,2019-11-26,2.2799999713897705,2.119999885559082,2.119999885559082,2.2899999618530273,55122700,2.2799999713897705
305,2019-11-27,2.4600000381469727,2.319999933242798,2.2799999713897705,2.5,77368600,2.4600000381469727
306,2019-11-29,2.2699999809265137,2.359999895095825,2.200000047683716,2.359999895095825,32640300,2.2699999809265137
307,2019-12-02,2.440000057220459,2.3499999046325684,2.299999952316284,2.440000057220459,32677500,2.440000057220459
308,2019-12-03,2.4000000953674316,2.309999942779541,2.25,2.4800000190734863,37865200,2.4000000953674316
309,2019-12-04,2.4200000762939453,2.4200000762939453,2.4100000858306885,2.5799999237060547,46792900,2.4200000762939453
310,2019-12-05,2.2699999809265137,2.5299999713897705,2.25,2.569999933242798,53235200,2.2699999809265137
311,2019-12-06,2.259999990463257,2.319999933242798,2.200000047683716,2.3399999141693115,31931900,2.259999990463257
312,2019-12-09,2.2200000286102295,2.2100000381469727,2.109999895095825,2.25,31542900,2.2200000286102295
313,2019-12-10,2.2699999809265137,2.200000047683716,2.140000104904175,2.2799999713897705,25220200,2.2699999809265137
314,2019-12-11,2.259999990463257,2.259999990463257,2.2300000190734863,2.319999933242798,20342900,2.259999990463257
315,2019-12-12,2.2699999809265137,2.299999952316284,2.259999990463257,2.3299999237060547,22457900,2.2699999809265137
316,2019-12-13,2.390000104904175,2.309999942779541,2.2899999618530273,2.430000066757202,37228900,2.390000104904175
317,2019-12-16,2.4800000190734863,2.440000057220459,2.390000104904175,2.549999952316284,36916800,2.4800000190734863
318,2019-12-17,2.5899999141693115,2.5399999618530273,2.5,2.630000114440918,45654500,2.5899999141693115
319,2019-12-18,2.630000114440918,2.5799999237060547,2.5399999618530273,2.6700000762939453,31811100,2.630000114440918
320,2019-12-19,2.619999885559082,2.690000057220459,2.609999895095825,2.7300000190734863,36301300,2.619999885559082
321,2019-12-20,2.690000057220459,2.6500000953674316,2.630000114440918,2.7200000286102295,50971500,2.690000057220459
322,2019-12-23,2.6700000762939453,2.740000009536743,2.6500000953674316,2.759999990463257,28571900,2.6700000762939453
323,2019-12-24,2.5299999713897705,2.630000114440918,2.450000047683716,2.630000114440918,32029800,2.5299999713897705
324,2019-12-26,2.509999990463257,2.450000047683716,2.3499999046325684,2.5199999809265137,44173700,2.509999990463257
325,2019-12-27,2.4200000762939453,2.5399999618530273,2.4100000858306885,2.549999952316284,37553300,2.4200000762939453
326,2019-12-30,3.7200000286102295,2.9200000762939453,2.880000114440918,4.869999885559082,432720700,3.7200000286102295
327,2019-12-31,4.019999980926514,4.150000095367432,3.819999933242798,4.420000076293945,215008600,4.019999980926514
328,2020-01-02,3.7200000286102295,4.099999904632568,3.609999895095825,4.099999904632568,103740100,3.7200000286102295
329,2020-01-03,3.8299999237060547,3.5,3.4800000190734863,3.9000000953674316,82892400,3.8299999237060547
330,2020-01-06,3.680000066757202,4.190000057220459,3.6600000858306885,4.239999771118164,106619700,3.680000066757202
331,2020-01-07,3.240000009536743,3.700000047683716,3.2100000381469727,3.7300000190734863,106336400,3.240000009536743
332,2020-01-08,3.390000104904175,3.140000104904175,3.130000114440918,3.490000009536743,65118100,3.390000104904175
333,2020-01-09,3.4600000381469727,3.440000057220459,3.3299999237060547,3.5799999237060547,54644200,3.4600000381469727
334,2020-01-10,3.509999990463257,3.490000009536743,3.4000000953674316,3.5799999237060547,35626700,3.509999990463257
335,2020-01-13,3.700000047683716,3.7100000381469727,3.5199999809265137,3.7300000190734863,59752700,3.700000047683716
336,2020-01-14,3.759999990463257,3.700000047683716,3.609999895095825,3.819999933242798,55194000,3.759999990463257
337,2020-01-15,4.289999961853027,4.190000057220459,4.0,4.480000019073486,236357900,4.289999961853027
338,2020-01-16,4.369999885559082,3.990000009536743,3.9100000858306885,4.400000095367432,97941700,4.369999885559082
339,2020-01-17,4.670000076293945,4.510000228881836,4.460000038146973,4.710000038146973,109601300,4.670000076293945
340,2020-01-21,5.170000076293945,4.599999904632568,4.519999980926514,5.289999961853027,181423600,5.170000076293945
341,2020-01-22,4.789999961853027,5.420000076293945,4.690000057220459,5.650000095367432,207132700,4.789999961853027
342,2020-01-23,4.920000076293945,4.570000171661377,4.309999942779541,4.949999809265137,102535300,4.920000076293945
343,2020-01-24,4.659999847412109,5.0,4.510000228881836,5.059999942779541,65538000,4.659999847412109
344,2020-01-27,4.010000228881836,3.990000009536743,3.8399999141693115,4.349999904632568,102028700,4.010000228881836
345,2020-01-28,4.210000038146973,4.25,4.03000020980835,4.269999980926514,48979100,4.210000038146973
346,2020-01-29,4.269999980926514,4.230000019073486,4.019999980926514,4.329999923706055,53844300,4.269999980926514
347,2020-01-30,4.079999923706055,4.239999771118164,4.010000228881836,4.380000114440918,75009800,4.079999923706055
348,2020-01-31,3.7799999713897705,4.019999980926514,3.6700000762939453,4.039999961853027,77923200,3.7799999713897705
349,2020-02-03,4.059999942779541,3.5399999618530273,3.5199999809265137,4.110000133514404,73783600,4.059999942779541
350,2020-02-04,4.510000228881836,4.289999961853027,4.159999847412109,4.699999809265137,123640400,4.510000228881836
351,2020-02-05,4.389999866485596,4.369999885559082,4.130000114440918,4.480000019073486,73632500,4.389999866485596
352,2020-02-06,4.079999923706055,4.199999809265137,4.050000190734863,4.329999923706055,75641200,4.079999923706055
353,2020-02-07,3.809999942779541,4.019999980926514,3.740000009536743,4.019999980926514,80780700,3.809999942779541
354,2020-02-10,3.869999885559082,3.6700000762939453,3.619999885559082,3.9100000858306885,67157700,3.869999885559082
355,2020-02-11,3.9600000381469727,3.8299999237060547,3.799999952316284,4.050000190734863,54097100,3.9600000381469727
356,2020-02-12,4.070000171661377,4.0,3.9800000190734863,4.199999809265137,50975300,4.070000171661377
357,2020-02-13,4.03000020980835,3.950000047683716,3.859999895095825,4.050000190734863,42411200,4.03000020980835
358,2020-02-14,3.7699999809265137,4.019999980926514,3.75,4.039999961853027,69655600,3.7699999809265137
359,2020-02-18,3.799999952316284,3.9000000953674316,3.759999990463257,3.9800000190734863,47700900,3.799999952316284
360,2020-02-19,4.079999923706055,3.930000066757202,3.859999895095825,4.099999904632568,73256300,4.079999923706055
361,2020-02-20,4.260000228881836,4.099999904632568,4.010000228881836,4.400000095367432,86873500,4.260000228881836
362,2020-02-21,4.079999923706055,4.199999809265137,4.019999980926514,4.199999809265137,40425900,4.079999923706055
363,2020-02-24,3.880000114440918,3.7899999618530273,3.759999990463257,3.940000057220459,56247100,3.880000114440918
364,2020-02-25,4.400000095367432,5.179999828338623,4.239999771118164,5.190000057220459,206259400,4.400000095367432
365,2020-02-26,4.340000152587891,4.5,4.300000190734863,4.710000038146973,69558500,4.340000152587891
366,2020-02-27,4.139999866485596,4.090000152587891,3.9200000762939453,4.300000190734863,77846700,4.139999866485596
367,2020-02-28,4.130000114440918,3.9600000381469727,3.869999885559082,4.139999866485596,63635600,4.130000114440918
368,2020-03-02,4.110000133514404,4.150000095367432,3.9000000953674316,4.190000057220459,56063200,4.110000133514404
369,2020-03-03,4.059999942779541,4.079999923706055,3.950000047683716,4.210000038146973,47644500,4.059999942779541
370,2020-03-04,3.869999885559082,4.03000020980835,3.7699999809265137,4.070000171661377,49465800,3.869999885559082
371,2020-03-05,3.7200000286102295,3.7799999713897705,3.680000066757202,3.890000104904175,72697800,3.7200000286102295
372,2020-03-06,3.549999952316284,3.619999885559082,3.4200000762939453,3.6600000858306885,61238100,3.549999952316284
373,2020-03-09,3.2899999618530273,3.009999990463257,2.990000009536743,3.5399999618530273,55305300,3.2899999618530273
374,2020-03-10,3.5,3.490000009536743,3.2899999618530273,3.5399999618530273,34928400,3.5
375,2020-03-11,3.319999933242798,3.4000000953674316,3.259999990463257,3.5299999713897705,31099400,3.319999933242798
376,2020-03-12,3.130000114440918,3.059999942779541,2.9800000190734863,3.2300000190734863,52438300,3.130000114440918
377,2020-03-13,3.109999895095825,3.2799999713897705,2.990000009536743,3.3299999237060547,41770400,3.109999895095825
378,2020-03-16,2.940000057220459,2.869999885559082,2.75,3.109999895095825,41266200,2.940000057220459
379,2020-03-17,2.9000000953674316,2.9700000286102295,2.7899999618530273,3.119999885559082,34862200,2.9000000953674316
380,2020-03-18,2.430000066757202,2.4000000953674316,2.109999895095825,2.5799999237060547,94431900,2.430000066757202
381,2020-03-19,2.380000114440918,2.299999952316284,2.2300000190734863,2.549999952316284,35499000,2.380000114440918
382,2020-03-20,2.4000000953674316,2.490000009536743,2.3499999046325684,2.640000104904175,50528400,2.4000000953674316
383,2020-03-23,2.369999885559082,2.3399999141693115,2.1500000953674316,2.369999885559082,47435200,2.369999885559082
384,2020-03-24,2.5999999046325684,2.549999952316284,2.4000000953674316,2.75,64750100,2.5999999046325684
385,2020-03-25,2.759999990463257,2.7200000286102295,2.5999999046325684,2.990000009536743,56588300,2.759999990463257
386,2020-03-26,2.930000066757202,2.809999942779541,2.7799999713897705,3.069999933242798,43579400,2.930000066757202
387,2020-03-27,2.8399999141693115,2.8499999046325684,2.759999990463257,2.890000104904175,25132000,2.8399999141693115
388,2020-03-30,2.7100000381469727,2.809999942779541,2.700000047683716,2.8299999237060547,20115300,2.7100000381469727
389,2020-03-31,2.7799999713897705,2.8299999237060547,2.680000066757202,2.880000114440918,30261400,2.7799999713897705
390,2020-04-01,2.6500000953674316,2.630000114440918,2.5999999046325684,2.759999990463257,17153800,2.6500000953674316
391,2020-04-02,2.390000104904175,2.509999990463257,2.2200000286102295,2.5899999141693115,58942700,2.390000104904175
392,2020-04-03,2.4000000953674316,2.450000047683716,2.3299999237060547,2.490000009536743,19519500,2.4000000953674316
393,2020-04-06,2.4700000286102295,2.4800000190734863,2.4000000953674316,2.549999952316284,34866700,2.4700000286102295
394,2020-04-07,2.700000047683716,2.809999942779541,2.6500000953674316,2.809999942779541,46149600,2.700000047683716
395,2020-04-08,2.740000009536743,2.759999990463257,2.7100000381469727,2.799999952316284,18312900,2.740000009536743
396,2020-04-09,2.6700000762939453,2.819999933242798,2.630000114440918,2.819999933242798,32810000,2.6700000762939453
397,2020-04-13,2.9700000286102295,2.6700000762939453,2.630000114440918,2.9700000286102295,38421700,2.9700000286102295
398,2020-04-14,3.009999990463257,3.1500000953674316,2.9200000762939453,3.1600000858306885,36479000,3.009999990463257
399,2020-04-15,3.200000047683716,2.950000047683716,2.880000114440918,3.200000047683716,27529800,3.200000047683716
400,2020-04-16,3.25,3.299999952316284,3.200000047683716,3.4100000858306885,37801700,3.25
401,2020-04-17,3.2100000381469727,3.359999895095825,3.1500000953674316,3.359999895095825,22831800,3.2100000381469727
402,2020-04-20,3.190000057220459,3.180000066757202,3.049999952316284,3.3499999046325684,18691700,3.190000057220459
403,2020-04-21,3.0199999809265137,3.0999999046325684,3.009999990463257,3.2200000286102295,19789700,3.0199999809265137
404,2020-04-22,3.0899999141693115,3.0899999141693115,3.049999952316284,3.1500000953674316,14494000,3.0899999141693115
405,2020-04-23,3.059999942779541,3.200000047683716,3.049999952316284,3.200000047683716,17434200,3.059999942779541
406,2020-04-24,2.940000057220459,3.0799999237060547,2.9100000858306885,3.0999999046325684,22069700,2.940000057220459
407,2020-04-27,3.240000009536743,3.0,2.950000047683716,3.259999990463257,35641100,3.240000009536743
408,2020-04-28,3.3399999141693115,3.4000000953674316,3.200000047683716,3.450000047683716,36326800,3.3399999141693115
409,2020-04-29,3.609999895095825,3.8299999237060547,3.5899999141693115,3.9800000190734863,89238800,3.609999895095825
410,2020-04-30,3.4100000858306885,3.630000114440918,3.369999885559082,3.7200000286102295,44540400,3.4100000858306885
411,2020-05-01,3.180000066757202,3.299999952316284,3.119999885559082,3.3299999237060547,31268900,3.180000066757202
412,2020-05-04,3.3399999141693115,3.0799999237060547,3.0799999237060547,3.359999895095825,23387500,3.3399999141693115
413,2020-05-05,3.2799999713897705,3.440000057220459,3.2799999713897705,3.4800000190734863,22315800,3.2799999713897705
414,2020-05-06,3.619999885559082,3.5899999141693115,3.450000047683716,3.6500000953674316,54347800,3.619999885559082
415,2020-05-07,3.630000114440918,3.630000114440918,3.5199999809265137,3.6700000762939453,26736700,3.630000114440918
416,2020-05-08,3.7699999809265137,3.680000066757202,3.5999999046325684,3.799999952316284,27638000,3.7699999809265137
417,2020-05-11,3.740000009536743,3.7200000286102295,3.6600000858306885,3.7699999809265137,16585600,3.740000009536743
418,2020-05-12,3.619999885559082,3.740000009536743,3.609999895095825,3.7799999713897705,21943800,3.619999885559082
419,2020-05-13,3.440000057220459,3.640000104904175,3.319999933242798,3.680000066757202,34034700,3.440000057220459
420,2020-05-14,3.450000047683716,3.3299999237060547,3.2699999809265137,3.5199999809265137,20936400,3.450000047683716
421,2020-05-15,3.369999885559082,3.369999885559082,3.359999895095825,3.450000047683716,13699000,3.369999885559082
422,2020-05-18,3.609999895095825,3.5,3.5,3.690000057220459,27771300,3.609999895095825
423,2020-05-19,3.690000057220459,3.619999885559082,3.5899999141693115,3.75,21707400,3.690000057220459
424,2020-05-20,3.4800000190734863,3.759999990463257,3.4000000953674316,3.819999933242798,52056900,3.4800000190734863
425,2020-05-21,3.3299999237060547,3.4000000953674316,3.2300000190734863,3.440000057220459,41628400,3.3299999237060547
426,2020-05-22,3.2699999809265137,3.3299999237060547,3.180000066757202,3.3399999141693115,22887300,3.2699999809265137
427,2020-05-26,3.819999933242798,3.4200000762939453,3.4000000953674316,3.8299999237060547,59847900,3.819999933242798
428,2020-05-27,4.170000076293945,4.010000228881836,3.9000000953674316,4.199999809265137,70718900,4.170000076293945
429,2020-05-28,3.8299999237060547,3.9800000190734863,3.75,4.119999885559082,62756900,3.8299999237060547
430,2020-05-29,3.9800000190734863,3.819999933242798,3.7300000190734863,4.0,50303000,3.9800000190734863
431,2020-06-01,4.260000228881836,4.0,3.9600000381469727,4.329999923706055,69222000,4.260000228881836
432,2020-06-02,4.699999809265137,4.360000133514404,4.349999904632568,4.730000019073486,82476600,4.699999809265137
433,2020-06-03,5.599999904632568,5.0,4.980000019073486,5.699999809265137,199210000,5.599999904632568
434,2020-06-04,5.96999979019165,6.010000228881836,5.610000133514404,6.199999809265137,173052600,5.96999979019165
435,2020-06-05,5.590000152587891,6.03000020980835,5.519999980926514,6.079999923706055,90811800,5.590000152587891
436,2020-06-08,5.96999979019165,5.809999942779541,5.679999828338623,6.079999923706055,85951600,5.96999979019165
437,2020-06-09,6.679999828338623,5.840000152587891,5.760000228881836,6.829999923706055,136907900,6.679999828338623
438,2020-06-10,6.300000190734863,6.71999979019165,6.159999847412109,6.949999809265137,100170700,6.300000190734863
439,2020-06-11,5.909999847412109,5.789999961853027,5.659999847412109,6.090000152587891,126509700,5.909999847412109
440,2020-06-12,6.099999904632568,6.199999809265137,5.920000076293945,6.320000171661377,59838800,6.099999904632568
441,2020-06-15,6.829999923706055,5.96999979019165,5.920000076293945,6.989999771118164,113694400,6.829999923706055
442,2020-06-16,6.989999771118164,7.429999828338623,6.53000020980835,7.440000057220459,130478600,6.989999771118164
443,2020-06-17,6.840000152587891,6.929999828338623,6.670000076293945,6.980000019073486,58927300,6.840000152587891
444,2020-06-18,7.179999828338623,6.800000190734863,6.78000020980835,7.360000133514404,78846400,7.179999828338623
445,2020-06-19,7.340000152587891,7.360000133514404,7.230000019073486,7.630000114440918,84604200,7.340000152587891
446,2020-06-22,7.429999828338623,7.860000133514404,7.380000114440918,7.900000095367432,112976000,7.429999828338623
447,2020-06-23,7.230000019073486,7.550000190734863,7.190000057220459,7.690000057220459,79863500,7.230000019073486
448,2020-06-24,6.860000133514404,6.929999828338623,6.5,7.079999923706055,103888600,6.860000133514404
449,2020-06-25,7.079999923706055,6.659999847412109,6.599999904632568,7.150000095367432,46660300,7.079999923706055
450,2020-06-26,6.900000095367432,7.03000020980835,6.800000190734863,7.179999828338623,33596800,6.900000095367432
451,2020-06-29,7.230000019073486,6.980000019073486,6.710000038146973,7.25,46070400,7.230000019073486
452,2020-06-30,7.71999979019165,7.210000038146973,7.119999885559082,7.75,84485500,7.71999979019165
453,2020-07-01,7.909999847412109,7.789999961853027,7.670000076293945,7.989999771118164,64842600,7.909999847412109
454,2020-07-02,9.380000114440918,9.050000190734863,8.699999809265137,9.399999618530273,221496700,9.380000114440918
455,2020-07-06,11.510000228881836,11.050000190734863,10.930000305175781,12.300000190734863,329223800,11.510000228881836
456,2020-07-07,13.220000267028809,11.260000228881836,10.699999809265137,13.770000457763672,444070500,13.220000267028809
457,2020-07-08,12.880000114440918,14.100000381469727,12.0,15.279999732971191,570911400,12.880000114440918
458,2020-07-09,14.569999694824219,13.5,13.069999694824219,14.630000114440918,316792000,14.569999694824219
459,2020-07-10,14.979999542236328,15.609999656677246,14.199999809265137,15.729999542236328,318851300,14.979999542236328
460,2020-07-13,13.84000015258789,15.260000228881836,13.609999656677246,16.440000534057617,313460300,13.84000015258789
461,2020-07-14,14.09000015258789,13.25,12.420000076293945,14.130000114440918,196123200,14.09000015258789
462,2020-07-15,13.520000457763672,13.819999694824219,12.850000381469727,13.949999809265137,114603700,13.520000457763672
463,2020-07-16,12.9399995803833,12.460000038146973,12.449999809265137,13.15999984741211,134606300,12.9399995803833
464,2020-07-17,11.09000015258789,11.859999656677246,10.460000038146973,12.069999694824219,289518000,11.09000015258789
465,2020-07-20,12.819999694824219,11.420000076293945,11.380000114440918,12.84000015258789,155428100,12.819999694824219
466,2020-07-21,12.880000114440918,13.449999809265137,12.619999885559082,13.579999923706055,128036000,12.880000114440918
467,2020-07-22,12.380000114440918,12.380000114440918,11.8100004196167,12.829999923706055,112260500,12.380000114440918
468,2020-07-23,12.149999618530273,12.59000015258789,11.850000381469727,12.630000114440918,95206300,12.149999618530273
469,2020-07-24,11.819999694824219,11.380000114440918,10.90999984741211,11.899999618530273,93425300,11.819999694824219
470,2020-07-27,11.6899995803833,12.029999732971191,11.270000457763672,12.09000015258789,64068500,11.6899995803833
471,2020-07-28,12.270000457763672,11.479999542236328,11.380000114440918,12.640000343322754,90075800,12.270000457763672
472,2020-07-29,12.699999809265137,12.649999618530273,12.430000305175781,13.0,69552600,12.699999809265137
473,2020-07-30,12.199999809265137,12.619999885559082,12.069999694824219,12.949999809265137,64952900,12.199999809265137
474,2020-07-31,11.9399995803833,12.40999984741211,11.729999542236328,12.59000015258789,61620400,11.9399995803833
475,2020-08-03,13.600000381469727,12.529999732971191,12.460000038146973,13.670000076293945,122925300,13.600000381469727
476,2020-08-04,13.640000343322754,14.460000038146973,13.220000267028809,14.529999732971191,125731400,13.640000343322754
477,2020-08-05,13.920000076293945,13.40999984741211,13.369999885559082,14.079999923706055,60046000,13.920000076293945
478,2020-08-06,13.84000015258789,14.100000381469727,13.520000457763672,14.3100004196167,49787700,13.84000015258789
479,2020-08-07,13.420000076293945,13.539999961853027,13.199999809265137,13.729999542236328,57746000,13.420000076293945
480,2020-08-10,14.210000038146973,13.9399995803833,13.680000305175781,14.420000076293945,84267300,14.210000038146973
481,2020-08-11,12.989999771118164,15.300000190734863,12.9399995803833,15.449999809265137,181311500,12.989999771118164
482,2020-08-12,13.359999656677246,13.369999885559082,12.670000076293945,13.449999809265137,77260200,13.359999656677246
483,2020-08-13,13.359999656677246,13.449999809265137,13.170000076293945,13.640000343322754,50093500,13.359999656677246
484,2020-08-14,13.100000381469727,13.180000305175781,12.539999961853027,13.180000305175781,63250700,13.100000381469727
485,2020-08-17,14.050000190734863,13.069999694824219,13.0600004196167,14.050000190734863,78340500,14.050000190734863
486,2020-08-18,14.300000190734863,14.229999542236328,13.869999885559082,14.6899995803833,69962400,14.300000190734863
487,2020-08-19,14.0600004196167,14.289999961853027,13.850000381469727,14.40999984741211,41966800,14.0600004196167
488,2020-08-20,13.779999732971191,13.850000381469727,13.529999732971191,14.050000190734863,50072800,13.779999732971191
489,2020-08-21,14.119999885559082,13.640000343322754,13.619999885559082,14.579999923706055,70189900,14.119999885559082
490,2020-08-24,14.970000267028809,14.630000114440918,14.3100004196167,14.979999542236328,98697700,14.970000267028809
491,2020-08-25,17.84000015258789,15.079999923706055,15.0600004196167,17.8700008392334,299047800,17.84000015258789
492,2020-08-26,20.440000534057617,19.010000228881836,18.559999465942383,20.969999313354492,364104600,20.440000534057617
493,2020-08-27,19.8799991607666,19.989999771118164,18.760000228881836,20.469999313354492,199850300,19.8799991607666
494,2020-08-28,18.5,18.8700008392334,18.110000610351562,19.440000534057617,154799800,18.5
495,2020-08-31,19.030000686645508,17.190000534057617,16.81999969482422,19.829999923706055,226610900,19.030000686645508
496,2020-09-01,20.1200008392334,19.450000762939453,18.75,20.3799991607666,137226000,20.1200008392334
497,2020-09-02,19.899999618530273,20.920000076293945,18.5,21.049999237060547,153460600,19.899999618530273
498,2020-09-03,18.700000762939453,19.09000015258789,18.350000381469727,19.84000015258789,128358400,18.700000762939453
499,2020-09-04,17.979999542236328,18.540000915527344,15.609999656677246,19.18000030517578,163329800,17.979999542236328
500,2020-09-08,17.030000686645508,17.170000076293945,16.510000228881836,17.860000610351562,89624600,17.030000686645508
501,2020-09-09,18.09000015258789,17.899999618530273,17.700000762939453,18.6299991607666,90988400,18.09000015258789
502,2020-09-10,17.739999771118164,18.489999771118164,17.489999771118164,18.719999313354492,79679800,17.739999771118164
503,2020-09-11,17.969999313354492,18.0,17.450000762939453,18.100000381469727,55373500,17.969999313354492
504,2020-09-14,18.729999542236328,18.18000030517578,17.899999618530273,18.780000686645508,68234900,18.729999542236328
505,2020-09-15,19.190000534057617,19.100000381469727,18.8799991607666,20.25,111630500,19.190000534057617
506,2020-09-16,19.010000228881836,19.270000457763672,18.520000457763672,19.540000915527344,57671000,19.010000228881836
507,2020-09-17,19.299999237060547,18.260000228881836,18.079999923706055,19.329999923706055,55186600,19.299999237060547
508,2020-09-18,19.40999984741211,19.719999313354492,18.940000534057617,19.8799991607666,54885500,19.40999984741211
509,2020-09-21,18.809999465942383,19.049999237060547,17.65999984741211,19.270000457763672,75969500,18.809999465942383
510,2020-09-22,19.229999542236328,18.479999542236328,18.3700008392334,19.450000762939453,61061100,19.229999542236328
511,2020-09-23,17.959999084472656,19.219999313354492,17.799999237060547,19.360000610351562,70568100,17.959999084472656
512,2020-09-24,17.850000381469727,17.31999969482422,16.75,18.389999389648438,71069500,17.850000381469727
513,2020-09-25,18.31999969482422,18.020000457763672,17.950000762939453,18.6200008392334,44122100,18.31999969482422
514,2020-09-28,18.809999465942383,18.8799991607666,18.43000030517578,19.15999984741211,42786200,18.809999465942383
515,2020-09-29,20.850000381469727,18.760000228881836,18.709999084472656,21.1200008392334,163159200,20.850000381469727
516,2020-09-30,21.219999313354492,21.719999313354492,20.760000228881836,22.59000015258789,183530500,21.219999313354492
517,2020-10-01,21.760000228881836,21.68000030517578,20.829999923706055,21.959999084472656,79117100,21.760000228881836
518,2020-10-02,21.18000030517578,20.829999923706055,20.799999237060547,22.200000762939453,92713600,21.18000030517578
519,2020-10-05,21.59000015258789,21.65999984741211,21.06999969482422,21.920000076293945,60860100,21.59000015258789
520,2020-10-06,20.670000076293945,21.709999084472656,20.600000381469727,21.940000534057617,73217100,20.670000076293945
521,2020-10-07,21.559999465942383,21.059999465942383,20.790000915527344,21.770000457763672,59354300,21.559999465942383
522,2020-10-08,21.440000534057617,22.049999237060547,21.290000915527344,22.450000762939453,77719600,21.440000534057617
523,2020-10-09,21.469999313354492,21.6200008392334,21.31999969482422,21.739999771118164,37329000,21.469999313354492
524,2020-10-12,21.850000381469727,21.8799991607666,21.549999237060547,22.18000030517578,45476800,21.850000381469727
525,2020-10-13,21.6200008392334,21.860000610351562,21.170000076293945,21.969999313354492,42581500,21.6200008392334
526,2020-10-14,26.5,23.979999542236328,23.729999542236328,26.959999084472656,382663200,26.5
527,2020-10-15,28.06999969482422,27.200000762939453,25.780000686645508,29.229999542236328,385210600,28.06999969482422
528,2020-10-16,28.479999542236328,29.18000030517578,27.940000534057617,29.399999618530273,186764700,28.479999542236328
529,2020-10-19,27.6299991607666,28.209999084472656,27.219999313354492,28.559999465942383,115708700,27.6299991607666
530,2020-10-20,27.959999084472656,27.420000076293945,27.049999237060547,28.299999237060547,105233400,27.959999084472656
531,2020-10-21,27.860000610351562,27.899999618530273,27.389999389648438,28.43000030517578,65357900,27.860000610351562
532,2020-10-22,27.3799991607666,28.149999618530273,26.809999465942383,28.280000686645508,72173300,27.3799991607666
533,2020-10-23,27.15999984741211,27.3700008392334,26.479999542236328,27.420000076293945,51784000,27.15999984741211
534,2020-10-26,26.010000228881836,26.610000610351562,25.459999084472656,27.350000381469727,72610300,26.010000228881836
535,2020-10-27,28.440000534057617,26.209999084472656,26.030000686645508,28.459999084472656,104257700,28.440000534057617
536,2020-10-28,27.510000228881836,27.920000076293945,26.510000228881836,28.100000381469727,89374900,27.510000228881836
537,2020-10-29,31.989999771118164,28.520000457763672,28.31999969482422,32.20000076293945,214034700,31.989999771118164
538,2020-10-30,30.579999923706055,31.389999389648438,30.030000686645508,31.59000015258789,136607400,30.579999923706055
539,2020-11-02,33.31999969482422,33.95000076293945,31.68000030517578,34.939998626708984,265719900,33.31999969482422
540,2020-11-03,35.5,33.56999969482422,32.779998779296875,35.869998931884766,217608100,35.5
541,2020-11-04,37.709999084472656,37.439998626708984,35.81999969482422,39.75,339385900,37.709999084472656
542,2020-11-05,42.349998474121094,38.779998779296875,38.25,42.4900016784668,302472600,42.349998474121094
543,2020-11-06,41.630001068115234,41.09000015258789,40.04999923706055,43.29999923706055,288784300,41.630001068115234
544,2020-11-09,44.02000045776367,41.650001525878906,40.380001068115234,45.290000915527344,218733300,44.02000045776367
545,2020-11-10,41.54999923706055,44.5,38.11000061035156,45.20000076293945,237403600,41.54999923706055
546,2020-11-11,43.08000183105469,39.709999084472656,38.63999938964844,43.22999954223633,179581200,43.08000183105469
547,2020-11-12,48.29999923706055,44.47999954223633,43.95000076293945,49.349998474121094,345932900,48.29999923706055
548,2020-11-13,44.560001373291016,51.290000915527344,40.54999923706055,54.20000076293945,577185100,44.560001373291016
549,2020-11-16,45.58000183105469,41.119998931884766,41.099998474121094,45.849998474121094,306209100,45.58000183105469
550,2020-11-17,46.59000015258789,47.56999969482422,44.959999084472656,49.369998931884766,345578500,46.59000015258789
551,2020-11-18,45.060001373291016,45.75,42.5,46.720001220703125,271678300,45.060001373291016
552,2020-11-19,48.45000076293945,45.36000061035156,44.68000030517578,48.91999816894531,233779100,48.45000076293945
553,2020-11-20,49.25,48.27000045776367,47.880001068115234,50.59000015258789,209106300,49.25
554,2020-11-23,55.380001068115234,50.86000061035156,50.47999954223633,55.70000076293945,270203000,55.380001068115234
555,2020-11-24,53.5099983215332,56.9900016784668,51.5,57.20000076293945,243669700,53.5099983215332
556,2020-11-25,53.689998626708984,49.97999954223633,49.25,53.9900016784668,204508500,53.689998626708984
557,2020-11-27,54.0,54.86000061035156,52.599998474121094,55.54999923706055,105795100,54.0
558,2020-11-30,50.529998779296875,54.209999084472656,48.18000030517578,54.38999938964844,179765400,50.529998779296875
559,2020-12-01,45.36000061035156,52.02000045776367,44.04999923706055,52.099998474121094,248227000,45.36000061035156
560,2020-12-02,47.97999954223633,40.15999984741211,38.43000030517578,48.0,313028300,47.97999954223633
561,2020-12-03,45.349998474121094,47.900001525878906,45.209999084472656,48.650001525878906,173424000,45.349998474121094
562,2020-12-04,43.040000915527344,44.65999984741211,41.650001525878906,45.15999984741211,191969900,43.040000915527344
563,2020-12-07,45.11000061035156,42.5,42.40999984741211,46.31999969482422,165048500,45.11000061035156
564,2020-12-08,46.560001373291016,47.209999084472656,45.66999816894531,48.29999923706055,115799600,46.560001373291016
565,2020-12-09,44.0099983215332,47.08000183105469,42.959999084472656,47.20000076293945,121387900,44.0099983215332
566,2020-12-10,45.220001220703125,42.439998626708984,41.88999938964844,45.66999816894531,107376800,45.220001220703125
567,2020-12-11,41.97999954223633,42.47999954223633,41.2599983215332,43.630001068115234,147076100,41.97999954223633
568,2020-12-14,40.97999954223633,39.939998626708984,39.5099983215332,41.47999954223633,171598200,40.97999954223633
569,2020-12-15,43.5,42.470001220703125,41.27000045776367,43.84000015258789,132336900,43.5
570,2020-12-16,44.66999816894531,44.25,43.33000183105469,45.2599983215332,120109600,44.66999816894531
571,2020-12-17,46.0,45.16999816894531,43.900001525878906,46.04999923706055,130003700,46.0
572,2020-12-18,46.720001220703125,45.88999938964844,45.52000045776367,48.0,126251100,46.720001220703125
573,2020-12-21,48.95000076293945,45.630001068115234,45.02000045776367,49.4900016784668,132558100,48.95000076293945
574,2020-12-22,47.58000183105469,49.61000061035156,46.529998779296875,49.84000015258789,117118300,47.58000183105469
575,2020-12-23,47.0099983215332,47.47999954223633,45.810001373291016,48.36000061035156,81247900,47.0099983215332
576,2020-12-24,45.77000045776367,46.880001068115234,45.349998474121094,47.130001068115234,60582500,45.77000045776367
577,2020-12-28,44.060001373291016,46.66999816894531,43.66999816894531,46.849998474121094,105078000,44.060001373291016
578,2020-12-29,46.13999938964844,43.70000076293945,42.22999954223633,46.279998779296875,120689900,46.13999938964844
579,2020-12-30,48.380001068115234,46.5,45.720001220703125,48.380001068115234,116691700,48.380001068115234
580,2020-12-31,48.7400016784668,48.459999084472656,47.77000045776367,50.5,129344300,48.7400016784668
581,2021-01-04,53.4900016784668,51.20000076293945,50.66999816894531,54.45000076293945,213109700,53.4900016784668
582,2021-01-05,53.20000076293945,51.970001220703125,50.400001525878906,53.75,147474800,53.20000076293945
583,2021-01-06,50.5,54.02000045776367,49.08000183105469,55.279998779296875,176397700,50.5
584,2021-01-07,54.279998779296875,53.04999923706055,52.349998474121094,54.61000061035156,119429200,54.279998779296875
585,2021-01-08,58.91999816894531,57.7599983215332,55.880001068115234,59.310001373291016,218512800,58.91999816894531
586,2021-01-11,62.70000076293945,64.94999694824219,62.189998626708984,66.98999786376953,279770300,62.70000076293945
587,2021-01-12,62.040000915527344,61.41999816894531,60.41999816894531,64.12999725341797,184854200,62.040000915527344
588,2021-01-13,62.150001525878906,62.939998626708984,61.40999984741211,64.41000366210938,116059200,62.150001525878906
589,2021-01-14,60.869998931884766,62.630001068115234,60.040000915527344,63.22999954223633,99338400,60.869998931884766
590,2021-01-15,56.27000045776367,59.84000015258789,55.66999816894531,60.220001220703125,132247900,56.27000045776367
591,2021-01-19,58.439998626708984,58.209999084472656,56.40999984741211,59.0099983215332,99561100,58.439998626708984
592,2021-01-20,57.709999084472656,59.849998474121094,56.189998626708984,60.09000015258789,94983600,57.709999084472656
593,2021-01-21,58.34000015258789,57.02000045776367,55.880001068115234,58.58000183105469,73119500,58.34000015258789
594,2021-01-22,61.95000076293945,58.95000076293945,58.31999969482422,62.16999816894531,133918100,61.95000076293945
595,2021-01-25,59.9900016784668,64.05000305175781,58.349998474121094,64.5199966430664,111986400,59.9900016784668
596,2021-01-26,60.310001373291016,60.040000915527344,58.63999938964844,60.66999816894531,70393300,60.310001373291016
597,2021-01-27,57.150001525878906,57.95000076293945,56.599998474121094,59.790000915527344,73078300,57.150001525878906
598,2021-01-28,58.369998931884766,56.7599983215332,55.150001525878906,59.459999084472656,73955100,58.369998931884766
599,2021-01-29,57.0,59.029998779296875,56.439998626708984,60.709999084472656,78678200,57.0
600,2021-02-01,56.9900016784668,59.06999969482422,54.369998931884766,59.119998931884766,79878700,56.9900016784668
601,2021-02-02,55.77000045776367,57.060001373291016,54.5099983215332,57.540000915527344,66234100,55.77000045776367
602,2021-02-03,57.97999954223633,55.959999084472656,54.84000015258789,58.720001220703125,80122300,57.97999954223633
603,2021-02-04,57.599998474121094,58.790000915527344,57.11000061035156,59.20000076293945,48667900,57.599998474121094
604,2021-02-05,56.66999816894531,57.7400016784668,56.0099983215332,57.97999954223633,42892500,56.66999816894531
605,2021-02-08,59.06999969482422,57.08000183105469,56.18000030517578,59.52000045776367,64030100,59.06999969482422
606,2021-02-09,62.84000015258789,58.95000076293945,58.2400016784668,63.099998474121094,97246500,62.84000015258789
607,2021-02-10,61.2599983215332,62.54999923706055,60.33000183105469,64.5999984741211,90366700,61.2599983215332
608,2021-02-11,60.27000045776367,61.689998626708984,59.810001373291016,63.060001373291016,55615500,60.27000045776367
609,2021-02-12,59.849998474121094,60.2599983215332,59.099998474121094,61.04999923706055,39973800,59.849998474121094
610,2021-02-16,59.22999954223633,60.400001525878906,58.650001525878906,62.13999938964844,54914800,59.22999954223633
611,2021-02-17,57.31999969482422,57.91999816894531,55.900001525878906,58.029998779296875,63971200,57.31999969482422
612,2021-02-18,54.43000030517578,55.45000076293945,52.599998474121094,56.380001068115234,62127000,54.43000030517578
613,2021-02-19,55.153900146484375,55.720001220703125,54.959999084472656,56.040000915527344,19866145,55.153900146484375
